{
  "input_rows": 9295,
  "fields": [
    "id",
    "length",
    "name",
    "sample_rate",
    "record_datetime",
    "sound_type",
    "species",
    "gender",
    "fed",
    "plurality",
    "age",
    "method",
    "mic_type",
    "device_type",
    "country",
    "district",
    "province",
    "place",
    "location_type"
  ],
  "labels": {
    "background": 1900,
    "mosquito": 6795,
    "audio": 600
  },
  "unique_recording_names": 3237,
  "duration_seconds": {
    "count": 9295,
    "sum": 120456.340084721,
    "mean": 12.959261977915116,
    "std": 31.98985788627453,
    "min": 0.004885,
    "p25": 2.56,
    "median": 5.12,
    "p75": 13.405703500000001,
    "p95": 54.272,
    "max": 1794.72
  },
  "duration_by_label": {
    "audio": {
      "count": 600,
      "sum": 1845.966647,
      "mean": 3.0766110783333334,
      "std": 1.7988037375252233,
      "min": 1.432398,
      "p25": 2.143968,
      "median": 2.444937,
      "p75": 3.04264975,
      "p95": 6.934977399999999,
      "max": 17.347136
    },
    "background": {
      "count": 1900,
      "sum": 52667.101998654,
      "mean": 27.71952736771263,
      "std": 65.3912185562713,
      "min": 0.119031,
      "p25": 3.4460545000000002,
      "median": 5.0208595,
      "p75": 54.272,
      "p95": 59.647999999999996,
      "max": 1794.72
    },
    "mosquito": {
      "count": 6795,
      "sum": 65943.271439067,
      "mean": 9.704675708471965,
      "std": 11.126175299754927,
      "min": 0.004885,
      "p25": 2.56,
      "median": 5.12,
      "p75": 12.483679500000001,
      "p95": 35.78,
      "max": 117.76
    }
  },
  "invalid_duration_row_numbers": [],
  "missingness": {
    "id": {
      "count": 0,
      "rate": 0.0
    },
    "length": {
      "count": 0,
      "rate": 0.0
    },
    "name": {
      "count": 0,
      "rate": 0.0
    },
    "sample_rate": {
      "count": 0,
      "rate": 0.0
    },
    "record_datetime": {
      "count": 0,
      "rate": 0.0
    },
    "sound_type": {
      "count": 0,
      "rate": 0.0
    },
    "species": {
      "count": 3287,
      "rate": 0.3536309844002152
    },
    "gender": {
      "count": 5590,
      "rate": 0.6013986013986014
    },
    "fed": {
      "count": 5641,
      "rate": 0.6068854222700376
    },
    "plurality": {
      "count": 4455,
      "rate": 0.47928994082840237
    },
    "age": {
      "count": 8989,
      "rate": 0.9670790747713824
    },
    "method": {
      "count": 3254,
      "rate": 0.350080688542227
    },
    "mic_type": {
      "count": 0,
      "rate": 0.0
    },
    "device_type": {
      "count": 1183,
      "rate": 0.12727272727272726
    },
    "country": {
      "count": 0,
      "rate": 0.0
    },
    "district": {
      "count": 1376,
      "rate": 0.1480365788058096
    },
    "province": {
      "count": 1381,
      "rate": 0.14857450242065626
    },
    "place": {
      "count": 0,
      "rate": 0.0
    },
    "location_type": {
      "count": 0,
      "rate": 0.0
    }
  },
  "distributions": {
    "sample_rate": [
      {
        "value": "44100",
        "count": 6102,
        "rate": 0.6564819795589026
      },
      {
        "value": "8000",
        "count": 3193,
        "rate": 0.34351802044109736
      }
    ],
    "species": [
      {
        "value": "<missing>",
        "count": 3287,
        "rate": 0.3536309844002152
      },
      {
        "value": "an arabiensis",
        "count": 1985,
        "rate": 0.21355567509413664
      },
      {
        "value": "an gambiae ss",
        "count": 737,
        "rate": 0.07928994082840236
      },
      {
        "value": "culex quinquefasciatus",
        "count": 678,
        "rate": 0.0729424421732114
      },
      {
        "value": "culex pipiens complex",
        "count": 545,
        "rate": 0.0586336740182894
      },
      {
        "value": "an funestus ss",
        "count": 381,
        "rate": 0.04098977945131791
      },
      {
        "value": "an squamosus",
        "count": 141,
        "rate": 0.015169445938676708
      },
      {
        "value": "ma uniformis",
        "count": 131,
        "rate": 0.014093598708983324
      },
      {
        "value": "an dirus",
        "count": 129,
        "rate": 0.013878429263044648
      },
      {
        "value": "an harrisoni",
        "count": 124,
        "rate": 0.013340505648197956
      },
      {
        "value": "ae aegypti",
        "count": 123,
        "rate": 0.013232920925228618
      },
      {
        "value": "an maculatus",
        "count": 117,
        "rate": 0.012587412587412588
      },
      {
        "value": "an funestus sl",
        "count": 104,
        "rate": 0.011188811188811189
      },
      {
        "value": "an coustani",
        "count": 92,
        "rate": 0.009897794513179129
      },
      {
        "value": "ae albopictus",
        "count": 79,
        "rate": 0.00849919311457773
      }
    ],
    "gender": [
      {
        "value": "<missing>",
        "count": 5590,
        "rate": 0.6013986013986014
      },
      {
        "value": "Female",
        "count": 3655,
        "rate": 0.3932221624529317
      },
      {
        "value": "Male",
        "count": 50,
        "rate": 0.0053792361484669175
      }
    ],
    "plurality": [
      {
        "value": "Single",
        "count": 4812,
        "rate": 0.5176976869284562
      },
      {
        "value": "<missing>",
        "count": 4455,
        "rate": 0.47928994082840237
      },
      {
        "value": "Plural",
        "count": 28,
        "rate": 0.003012372243141474
      }
    ],
    "method": [
      {
        "value": "<missing>",
        "count": 3254,
        "rate": 0.350080688542227
      },
      {
        "value": "HBN",
        "count": 2123,
        "rate": 0.22840236686390533
      },
      {
        "value": "ABN",
        "count": 1745,
        "rate": 0.18773534158149544
      },
      {
        "value": "LT",
        "count": 1609,
        "rate": 0.1731038192576654
      },
      {
        "value": "LC",
        "count": 378,
        "rate": 0.0406670252824099
      },
      {
        "value": "HLC",
        "count": 186,
        "rate": 0.020010758472296934
      }
    ],
    "mic_type": [
      {
        "value": "telinga",
        "count": 4919,
        "rate": 0.5292092522861753
      },
      {
        "value": "phone",
        "count": 3193,
        "rate": 0.34351802044109736
      },
      {
        "value": "Telinga",
        "count": 1183,
        "rate": 0.12727272727272726
      }
    ],
    "device_type": [
      {
        "value": "tascam",
        "count": 2673,
        "rate": 0.2875739644970414
      },
      {
        "value": "olympus",
        "count": 2246,
        "rate": 0.24163528778913396
      },
      {
        "value": "Alcatel 4015X",
        "count": 1335,
        "rate": 0.1436256051640667
      },
      {
        "value": "<missing>",
        "count": 1183,
        "rate": 0.12727272727272726
      },
      {
        "value": "itel A16",
        "count": 1163,
        "rate": 0.1251210328133405
      },
      {
        "value": "Alcatel 4009X",
        "count": 538,
        "rate": 0.057880580957504035
      },
      {
        "value": "Alcatel",
        "count": 157,
        "rate": 0.01689080150618612
      }
    ],
    "country": [
      {
        "value": "Tanzania",
        "count": 3836,
        "rate": 0.41269499731038195
      },
      {
        "value": "Thailand",
        "count": 2205,
        "rate": 0.23722431414739106
      },
      {
        "value": "UK",
        "count": 1381,
        "rate": 0.14857450242065626
      },
      {
        "value": "Kenya",
        "count": 1335,
        "rate": 0.1436256051640667
      },
      {
        "value": "USA",
        "count": 538,
        "rate": 0.057880580957504035
      }
    ],
    "district": [
      {
        "value": "Kilombero District",
        "count": 3836,
        "rate": 0.41269499731038195
      },
      {
        "value": "Sai Yok District",